{"correlation": 0.9812544064503393, "him": 1.0, "edge_flip": 1.0, "isomorphic": 1.0, "recovery_branches": 1.0, "relevance_branches": 1.0, "F1_branches": 1.0, "recovery_milestones": 0.6666666666666666, "relevance_milestones": 0.6666666666666666, "F1_milestones": 0.6666666666666666, "featureimp_cor": 0.9005454385137387, "featureimp_wcor": 0.9548470515954209}