{"time_waypointedgeodesic":0.15553975105,"correlation":0.98120071993,"time_correlation":0.00072360038757,"edge_flip":1,"time_edge_flip":0.12897706032,"him":1,"time_him":0.034982204437,"isomorphic":1,"time_isomorphic":0.00021576881409,"time_featureimp":0.55523610115,"featureimp_cor":0.96224696226,"featureimp_wcor":0.96636755098,"time_mapping_branches":0.1740424633,"recovery_branches":1,"relevance_branches":1,"F1_branches":1,"time_mapping_milestones":0.16193366051,"recovery_milestones":0.66666666667,"relevance_milestones":0.66666666667,"F1_milestones":0.66666666667}
